sequential_site,reference_site,region
1,331,RBD
2,332,RBD
3,333,RBD
4,334,RBD
5,335,RBD
6,336,RBD
7,337,RBD
8,338,RBD
9,339,RBD
10,340,RBD
11,341,RBD
12,342,RBD
13,343,RBD
14,344,RBD
15,345,RBD
16,346,RBD
17,347,RBD
18,348,RBD
19,349,RBD
20,350,RBD
21,351,RBD
22,352,RBD
23,353,RBD
24,354,RBD
25,355,RBD
26,356,RBD
27,357,RBD
28,358,RBD
29,359,RBD
30,360,RBD
31,361,RBD
32,362,RBD
33,363,RBD
34,364,RBD
35,365,RBD
36,366,RBD
37,367,RBD
38,368,RBD
39,369,RBD
40,370,RBD
41,371,RBD
42,372,RBD
43,373,RBD
44,374,RBD
45,375,RBD
46,376,RBD
47,377,RBD
48,378,RBD
49,379,RBD
50,380,RBD
51,381,RBD
52,382,RBD
53,383,RBD
54,384,RBD
55,385,RBD
56,386,RBD
57,387,RBD
58,388,RBD
59,389,RBD
60,390,RBD
61,391,RBD
62,392,RBD
63,393,RBD
64,394,RBD
65,395,RBD
66,396,RBD
67,397,RBD
68,398,RBD
69,399,RBD
70,400,RBD
71,401,RBD
72,402,RBD
73,403,RBD
74,404,RBD
75,405,RBD
76,406,RBD
77,407,RBD
78,408,RBD
79,409,RBD
80,410,RBD
81,411,RBD
82,412,RBD
83,413,RBD
84,414,RBD
85,415,RBD
86,416,RBD
87,417,RBD
88,418,RBD
89,419,RBD
90,420,RBD
91,421,RBD
92,422,RBD
93,423,RBD
94,424,RBD
95,425,RBD
96,426,RBD
97,427,RBD
98,428,RBD
99,429,RBD
100,430,RBD
101,431,RBD
102,432,RBD
103,433,RBD
104,434,RBD
105,435,RBD
106,436,RBD
107,437,RBD
108,438,RBD
109,439,RBD
110,440,RBD
111,441,RBD
112,442,RBD
113,443,RBD
114,444,RBD
115,445,RBD
116,446,RBD
117,447,RBD
118,448,RBD
119,449,RBD
120,450,RBD
121,451,RBD
122,452,RBD
123,453,RBD
124,454,RBD
125,455,RBD
126,456,RBD
127,457,RBD
128,458,RBD
129,459,RBD
130,460,RBD
131,461,RBD
132,462,RBD
133,463,RBD
134,464,RBD
135,465,RBD
136,466,RBD
137,467,RBD
138,468,RBD
139,469,RBD
140,470,RBD
141,471,RBD
142,472,RBD
143,473,RBD
144,474,RBD
145,475,RBD
146,476,RBD
147,477,RBD
148,478,RBD
149,479,RBD
150,480,RBD
151,481,RBD
152,482,RBD
153,483,RBD
154,484,RBD
155,485,RBD
156,486,RBD
157,487,RBD
158,488,RBD
159,489,RBD
160,490,RBD
161,491,RBD
162,492,RBD
163,493,RBD
164,494,RBD
165,495,RBD
166,496,RBD
167,497,RBD
168,498,RBD
169,499,RBD
170,500,RBD
171,501,RBD
172,502,RBD
173,503,RBD
174,504,RBD
175,505,RBD
176,506,RBD
177,507,RBD
178,508,RBD
179,509,RBD
180,510,RBD
181,511,RBD
182,512,RBD
183,513,RBD
184,514,RBD
185,515,RBD
186,516,RBD
187,517,RBD
188,518,RBD
189,519,RBD
190,520,RBD
191,521,RBD
192,522,RBD
193,523,RBD
194,524,RBD
195,525,RBD
196,526,RBD
197,527,RBD
198,528,RBD
199,529,RBD
200,530,RBD
201,531,RBD
